"tweetid","userid","user_display_name","user_screen_name","user_reported_location","user_profile_description","user_profile_url","follower_count","following_count","account_creation_date","account_language","tweet_language","tweet_text","tweet_time","tweet_client_name","in_reply_to_tweetid","in_reply_to_userid","quoted_tweet_tweetid","is_retweet","retweet_userid","retweet_tweetid","latitude","longitude","quote_count","reply_count","like_count","retweet_count","hashtags","urls","user_mentions","poll_choices"
"635108944231403520","3f5a3aae5fac54aaae8966f94830b6822130ed21470fb800af7254c5cec6c367","3f5a3aae5fac54aaae8966f94830b6822130ed21470fb800af7254c5cec6c367","3f5a3aae5fac54aaae8966f94830b6822130ed21470fb800af7254c5cec6c367","","","","473","483","2014-09-02","en","ru","Владимир жмется к Кремлю","2015-08-22 15:19","Приложение для тебя","","","","false","","","","","0","0","0","0","[]","[]","",""
"522459730045067264","c80088c029aefb37e0cfeca7f77e4f6605d7f3e12f0cb279324ce7afc5b36b4d","c80088c029aefb37e0cfeca7f77e4f6605d7f3e12f0cb279324ce7afc5b36b4d","c80088c029aefb37e0cfeca7f77e4f6605d7f3e12f0cb279324ce7afc5b36b4d","Вологда","фотки настоящие!","","735","1933","2013-12-14","ru","ru","Губарев восстанавливается в больнице http://t.co/3gx7JHkR6V","2014-10-15 18:51","Ohwee Messanger","","","","false","","","","","0","0","0","0","","[http://kiev-news.com/13373-gubarev-vosstanavlivaetsya-v-bolnice.html]","",""
"611558040433754112","248cb301207e1d0196cf0b3b4c7b962c7ec0aa9054465fdee880f1e72593d0f8","248cb301207e1d0196cf0b3b4c7b962c7ec0aa9054465fdee880f1e72593d0f8","248cb301207e1d0196cf0b3b4c7b962c7ec0aa9054465fdee880f1e72593d0f8","Томск","Законодательная власть — сердце государства, власть исполнительная — его мозг Дума 4 созыва города Томск","http://t.co/Uk2LqRA89g","127","240","2013-12-06","ru","ru","RT @75f1cf8d6cec00cd68ff712843a5b5ff946126d91f1572c57e7337bc3b3f476d: Статья, которую очень советую к прочтению и достойное мнение http://t.co/cb8ppDZIPE http://t.co/YHjkVFuvfm http://t.co/be4…","2015-06-18 15:36","TweetDeck","","","","true","75f1cf8d6cec00cd68ff712843a5b5ff946126d91f1572c57e7337bc3b3f476d","611549515502518272","","","0","0","0","0","[]","[http://www.rosbalt.ru/piter/2015/06/18/1409874.html, http://stishenka.livejournal.com/244589.html]","[75f1cf8d6cec00cd68ff712843a5b5ff946126d91f1572c57e7337bc3b3f476d]",""
"865498646938177536","0bfbcf5f2f3d765c3806ac1c4c0fa88458bb0d630a274b2ca27e66b793e7760d","0bfbcf5f2f3d765c3806ac1c4c0fa88458bb0d630a274b2ca27e66b793e7760d","0bfbcf5f2f3d765c3806ac1c4c0fa88458bb0d630a274b2ca27e66b793e7760d","Киев","","","1045","186","2017-04-13","ru","ru","SpaceX собирается начать предоставлять услуги похорон в космосе в конце года https://t.co/RmIRS9Zy9m","2017-05-19 09:25","Twitter Web Client","","","","false","","","","","0","0","0","0","[]","[https://goo.gl/VfdgIx]","",""
"447381125175193600","9f54120c6a78cc0ca27b919c5c3039110609a43da66ecebe39a54f50ad126354","9f54120c6a78cc0ca27b919c5c3039110609a43da66ecebe39a54f50ad126354","9f54120c6a78cc0ca27b919c5c3039110609a43da66ecebe39a54f50ad126354","Омск","«Все будет хорошо» — сказала Мама, а я привыкла верить ей во всем.❤️","https://t.co/lDdzHnqqEg","403","288","2012-12-11","ru","ru","Хороший день☺ @ Левый берег http://t.co/vkSpwJN8a1","2014-03-22 14:35","Instagram","","","","false","","","55.002010967","73.2816511","0","0","0","0","[]","[http://instagram.com/p/l2SRWoSSs6/]","",""
"898218398127198210","a84139e8642ba072752f1ff9e66659703257fde4c0fd787d8f042b7add5b521b","a84139e8642ba072752f1ff9e66659703257fde4c0fd787d8f042b7add5b521b","a84139e8642ba072752f1ff9e66659703257fde4c0fd787d8f042b7add5b521b","Estados Unidos","My 3 point plan to rid Islam from the West... 1) don't employ Muslims 2) don't rent/ sell property to Muslims 3) ban halal, its animal abuse #banislam Follow me","https://t.co/4srF9ALSJp","6","34","2017-08-04","es","en","#alexa Liberals are Now Being FORCED to Acknowledge the Violent “Alt-Left” https://t.co/Ttuuj04SZE #alexdr https://t.co/C5MLhthGJI","2017-08-17 16:22","IFTTT","","","","false","","","","","0","0","0","0","[alexa, alexdr]","[http://ift.tt/2vGGbox]","",""
"517681940791455745","2ee38eec8cec368da5e277165d770ff5f5449aac5a2a6d5f9dfb343b2344b4e2","2ee38eec8cec368da5e277165d770ff5f5449aac5a2a6d5f9dfb343b2344b4e2","2ee38eec8cec368da5e277165d770ff5f5449aac5a2a6d5f9dfb343b2344b4e2","Петербург","я увлекаюсь журналистикой","","350","315","2013-10-16","ru","ru","Кладбище на Эвересте http://t.co/O8QyXQOveI","2014-10-02 14:26","LiveJournal.com","","","","false","","","","","0","0","0","0","","[http://j.mp/YTevcs]","",""
"632438339661078528","7a37d4234583c7b1c4f001159077f4ec8ca85b299a15d1c9c5e54df25784742d","7a37d4234583c7b1c4f001159077f4ec8ca85b299a15d1c9c5e54df25784742d","7a37d4234583c7b1c4f001159077f4ec8ca85b299a15d1c9c5e54df25784742d","","","","413","422","2014-09-03","en","ru","@katja_le_092217 Побольше бы таких тем!","2015-08-15 06:27","Приложение для тебя","","976606670","","false","","","","","0","0","0","0","[]","[]","[976606670]",""
"484256148359745536","1930747698","Невские Новости","nevnov_ru","Санкт-Петербург, Россия","Новости Санкт-Петербурга и Ленинградской области","https://t.co/dMd9XZN6ye","31238","16588","2013-10-03","ru","ru","Экомобиль примет мусор в Адмиралтейском и Петроградском районах http://t.co/C7pCRbWuzQ","2014-07-02 08:43","NevaNews","","","","false","","","","","0","0","0","0","","[http://nevnov.ru/city/region/ekomobil-primet-musor-v-admiraltejskom-i-petrogradskom-rajonax.html]","",""
"510298139346370560","cdf3b0536707b636e1ebf93f0c7a181790269cbc2ee93ba103e9b863d7b747bc","cdf3b0536707b636e1ebf93f0c7a181790269cbc2ee93ba103e9b863d7b747bc","cdf3b0536707b636e1ebf93f0c7a181790269cbc2ee93ba103e9b863d7b747bc","","","","936","666","2014-09-02","en","en","http://t.co/f5A9lVUQWK Action Or Scary","2014-09-12 05:25","break_bed_boy","","","","false","","","","","0","0","0","0","","[http://bit.ly/1qpWX3r]","",""
"477287953333383169","60c87e64634f39731dfa7bf534828374e6a6068afad2be770ed57af11cdb0055","60c87e64634f39731dfa7bf534828374e6a6068afad2be770ed57af11cdb0055","60c87e64634f39731dfa7bf534828374e6a6068afad2be770ed57af11cdb0055","Москва","Инструктор по йоге","","764","276","2013-08-05","ru","ru","ДНР намерена установить режим свободной торговли с Россией: В программе ДНР говорится, что она ""установит режи... http://t.co/rxsH0GGQwM","2014-06-13 03:14","twitterfeed","","","","false","","","","","0","0","0","0","","[http://bit.ly/1lmhOkw]","",""
"869152423927066625","12b274fba679f8086a549a0f7be3b4de58e3d5d627ec6a5b34addd7bdbf257b3","12b274fba679f8086a549a0f7be3b4de58e3d5d627ec6a5b34addd7bdbf257b3","12b274fba679f8086a549a0f7be3b4de58e3d5d627ec6a5b34addd7bdbf257b3","","https://t.co/8jiehzmJ26","","423","187","2016-10-19","ru","ru","Под Саратовом 23-летняя девушка жестоко избила малолетнего ребенка и скрылась https://t.co/z4J627uGtb","2017-05-29 11:24","IFTTT","","","","false","","","","","0","0","0","0","[]","[http://ift.tt/2r3Wb1v]","",""
"650720248312799236","695d67a08d1bacf1f2d38569c40c9c3b3153eaecebdbc65829ae65052c3d8dc4","695d67a08d1bacf1f2d38569c40c9c3b3153eaecebdbc65829ae65052c3d8dc4","695d67a08d1bacf1f2d38569c40c9c3b3153eaecebdbc65829ae65052c3d8dc4","Новгород","немного смеха, немного любви","","674","1912","2014-03-27","ru","ru","RT @SFGO76: Наденька @tolokno, в следующий раз бросайтесь топорами.. Так креативней.. http://t.co/H0SjWvhnIE","2015-10-04 17:12","rostislav","","","","true","477041200","650707952513454080","","","0","0","0","0","[]","[]","[477041200, 203843920]",""
"905447170228224000","95694ee66ff6ceeb6508a80eb073769948c329da97ca02513d845bae07f9da38","95694ee66ff6ceeb6508a80eb073769948c329da97ca02513d845bae07f9da38","95694ee66ff6ceeb6508a80eb073769948c329da97ca02513d845bae07f9da38","Estados Unidos","Lover of the good news, follow me and I'll take you information that if it's worth reading, I have the best for you from Donald Trump","https://t.co/4srF9ALSJp","1508","1031","2017-07-29","es","en","Look Which Dem Lawmaker Just Called Sessions a ‘RACIST’  https://t.co/v1OeSYuTu3","2017-09-06 15:06","Zapier.com","","","","false","","","","","0","0","0","0","[]","[http://zpr.io/PQAVp]","",""
"595244616003264512","cced1c6dd3a4a2687180906c4353a7c984ab1a9fe6305a1ce8d839517f7d9d32","cced1c6dd3a4a2687180906c4353a7c984ab1a9fe6305a1ce8d839517f7d9d32","cced1c6dd3a4a2687180906c4353a7c984ab1a9fe6305a1ce8d839517f7d9d32","Москва","Блогер","http://t.co/XrsEkbY5uE","555","484","2014-03-28","ru","ru","RT @rianru: Президент Таджикистана сменил руководителя Нацбанка страны http://t.co/zoomDtr8Pi","2015-05-04 15:12","iziaslav","","","","true","34200559","595236445750632449","","","0","0","0","0","[]","[http://bit.ly/1ERrop6]","[34200559]",""
"735828427765211138","1687183549","Bleep The Police","BleepThePolice","USA","For a second at least, I'm resurrecting the peace  #Blacktivist #BlackLivesMatter","","21098","8599","2013-08-21","en","en","To serve and protect? Or to beat and opress??? https://t.co/LvQVuUznJR","2016-05-26 13:42","TweetDeck","","","","false","","","","","0","7","49","63","[]","[]","",""
"892403147519479808","39e5e9a9f31b33e3ad493126f4b2b21d86931c450eaa30d61532690328a90104","39e5e9a9f31b33e3ad493126f4b2b21d86931c450eaa30d61532690328a90104","39e5e9a9f31b33e3ad493126f4b2b21d86931c450eaa30d61532690328a90104","Estados Unidos","Christian,Conservative,Mother,NaNa, Avid Reader,Military brat,Husband served during Viet Nam war in Navy,Traveled the world,Educated-so don't go there.Follow me","https://t.co/4srF9ALSJp","2001","4164","2017-07-30","es","en","JayStylus gbroh10 That's right. They think we're idiots. Maybe b\c we keep electing them over &amp; over they get the… https://t.co/ytvnaOzwP2","2017-08-01 15:14","IFTTT","","","","false","","","","","0","0","0","0","[]","[https://twitter.com/i/web/status/892401620008321024]","",""
"502104464325500928","a969329459bdf27f7c1474bdf40d87453f70e00c67bfa172c15bd61c35c2daef","a969329459bdf27f7c1474bdf40d87453f70e00c67bfa172c15bd61c35c2daef","a969329459bdf27f7c1474bdf40d87453f70e00c67bfa172c15bd61c35c2daef","Россия","Если вы живёте каждый день так, как будто он последний, когда-нибудь вы окажетесь прав","http://t.co/7zYCRQo56H","83","56","2013-10-17","ru","ru","Да про доляшку давно уже всем известно. Ну вы сами задумайтесь, на одноименном рецепте одноименный препарат..… http://t.co/JmlOPgHP6J","2014-08-20 14:46","LiveJournal.com","","","","false","","","","","0","0","0","0","","[http://j.mp/1Ay1DpV]","",""
"834176249601912832","2571870453","Detroit Daily News","DetroitDailyNew","Detroit, Michigan","Local news, sports, business, politics, entertainment, travel and opinion for Detroit. DM us 24/7","","21265","10305","2014-05-30","en","en","Value of Brady’s missing jersey listed as $500K https://t.co/iwG5GMwVcD https://t.co/wog3R2HM3S","2017-02-21 23:01","Twibble.io","","","","false","","","","","0","0","0","1","[]","[http://www.detroitnews.com/story/sports/nfl/2017/02/21/value-bradys-missing-jersey-listed/98218360/]","",""
"776995864220884992","cfb0d237487ebe3520cb83bd82df903c9c7afd5a60acba8a3576bc3ca9346467","cfb0d237487ebe3520cb83bd82df903c9c7afd5a60acba8a3576bc3ca9346467","cfb0d237487ebe3520cb83bd82df903c9c7afd5a60acba8a3576bc3ca9346467","USA","Wife, Mother, Patriot, Friend","","2969","2398","2013-08-17","en","en","RT @DPRK_News: ""Tumblr"" is cheap technological substitute for insane asylums, where ravings of lunatics may be scrawled without disturbing…","2016-09-17 04:07","Twitter Web Client","","","","true","58569513","776413801763647488","","","0","0","0","0","[]","[]","[58569513]",""
"536395003572912128","b30ba86be26512d01142b785cc5d7bfa56e8ddfcf7b047d94bc23eecf95561e2","b30ba86be26512d01142b785cc5d7bfa56e8ddfcf7b047d94bc23eecf95561e2","b30ba86be26512d01142b785cc5d7bfa56e8ddfcf7b047d94bc23eecf95561e2","Россия","пусть она бывает не права, но это наша Родина","","3776","1146","2013-12-24","ru","bg","Доброе утро!=)) http://t.co/W3UXSaLQus","2014-11-23 05:45","LiveJournal.com","","","","false","","","","","0","0","0","0","","[http://j.mp/11oi77y]","",""
"698932850096107520","2928870434","Newspeak Daily","NewspeakDaily","","it's never too late to reinvent the bicycle","","5816","865","2014-12-13","en","en","MORE: Clinton Leads Sanders in S.C. by 19 Pts: CBS  #politics","2016-02-14 18:12","twitterfeed","","","","false","","","","","0","0","0","0","[politics]","[]","",""
"777277467492966400","9da254eb4e8a37d4e995e2bcac5030b3b5a45cb7226221ae3cd17560e22c3531","9da254eb4e8a37d4e995e2bcac5030b3b5a45cb7226221ae3cd17560e22c3531","9da254eb4e8a37d4e995e2bcac5030b3b5a45cb7226221ae3cd17560e22c3531","USA","ALL LIVES MATTER I'm a True Conservative Christian Patriot. I love God, I Love my Country. #pjnet #tcot #GodBlessAmerica","","1955","1378","2013-08-11","en","en","RT @NorthJerseybrk: UPDATE: Authorities say Seaside Park explosion was intentional attack on charity race https://t.co/8PncEU8rqL https://t…","2016-09-17 22:46","Twitter Web Client","","","","true","34677788","777218092866961408","","","0","0","0","0","[]","[http://ow.ly/vEJr304j2Ds]","[34677788]",""
"517551326323306496","886da953809573c2cdcc8d4f8dba7fc9c5d290e0094252f71104c51cdbe20928","886da953809573c2cdcc8d4f8dba7fc9c5d290e0094252f71104c51cdbe20928","886da953809573c2cdcc8d4f8dba7fc9c5d290e0094252f71104c51cdbe20928","Башкартостан","Разговаривая со мной, знайте: я о себе хорошего мнения.","http://t.co/pNtEkrZhQR","729","583","2013-12-17","ru","ru","RT @SkinnyUltras: Владислав Радимов: «Ничего страшного, лидерство в группе «Зенит» сохранил, все в его руках»  #Зенит #Футбол","2014-10-02 05:47","newtwittersky","","","","true","2578388491","517548825985044480","","","0","0","0","0","[Зенит, Футбол]","","[2578388491]",""
"630031596955959296","2753211010","Phoenix Daily News","PhoenixDailyNew","City of Phoenix, Arizona","Local news, sports, business, politics, entertainment, travel and opinion for Phoenix and Arizona. DM us 24/7","","18574","7903","2014-08-28","en","en","#local #news First Native American conservation corps attacks Canyon","2015-08-08 15:03","twitterfeed","","","","false","","","","","0","0","1","0","[local, news]","[]","",""
"810197685663834112","beb24c4d724cb8a986f15f48e11895e7e3484598a54af5a0fef356ceb3641193","beb24c4d724cb8a986f15f48e11895e7e3484598a54af5a0fef356ceb3641193","beb24c4d724cb8a986f15f48e11895e7e3484598a54af5a0fef356ceb3641193","USA","An unexamined life is not worth living. –Socrates","","1233","943","2013-08-31","en","en","RT @HBCUBuzz: Yal know why we here! #NCCU #celebrationbowl https://t.co/hZI0XtwWpA","2016-12-17 18:59","Twitter Web Client","","","","true","246519126","810163346632740864","","","0","0","0","0","[NCCU, celebrationbowl]","[]","[246519126]",""
"534834589001613312","18bd9a7d514f6e4dae81a096a7e7387220eb6d9394e26dbb0f1745331b1c0270","18bd9a7d514f6e4dae81a096a7e7387220eb6d9394e26dbb0f1745331b1c0270","18bd9a7d514f6e4dae81a096a7e7387220eb6d9394e26dbb0f1745331b1c0270","Moscow, Russia","Любите душу, а не то, что снаружи.","","3896","181","2014-03-11","en","ru","По-моему, все так и есть Жаль, что многим пришлось эмигрировать, без родины тяжело поэту #MadeInRussia","2014-11-18 22:24","Twitter Web Client","","","","false","","","","","0","0","0","0","[MadeInRussia]","","",""
"488063501609734144","b65ee3e036af96bd1411497bed0b7f93b8427737c7537e0e85af865d3548d176","b65ee3e036af96bd1411497bed0b7f93b8427737c7537e0e85af865d3548d176","b65ee3e036af96bd1411497bed0b7f93b8427737c7537e0e85af865d3548d176","Санкт-Петербург","#Музыка, #искусство, #литература, #политика, #спорт, #театр","http://t.co/pOwpVXmoEX","221","346","2013-12-23","ru","ru","Вот президент Путин как раз и пытается из всей кучи политического мусора найти достойных союзников России. http://t.co/wz8whEUv6f","2014-07-12 20:53","token_app","","","","false","","","","","0","0","0","1","","[http://winkdispdesthic.livejournal.com/44588.html]","",""
"638212443269910528","84fa9654dffd412cc7f5aad75d2801daec92a1928b03c01c0393ec5101cde326","84fa9654dffd412cc7f5aad75d2801daec92a1928b03c01c0393ec5101cde326","84fa9654dffd412cc7f5aad75d2801daec92a1928b03c01c0393ec5101cde326","Омск","заметки по жизни","","164","178","2014-03-21","ru","ru","RT @sigermon: СМИ узнали о возможной отставке гендиректора «Россетей» http://t.co/tvKV3aUzYl","2015-08-31 04:51","rostislav","","","","true","462272724","638197363522170880","","","0","0","0","0","[]","[http://bit.ly/1idOkXW]","[462272724]",""
"889232495669063680","cd626b76d795479427cbc783d3b0b489a2b3d6a837d844f2ad02ad9e5a8af8dc","cd626b76d795479427cbc783d3b0b489a2b3d6a837d844f2ad02ad9e5a8af8dc","cd626b76d795479427cbc783d3b0b489a2b3d6a837d844f2ad02ad9e5a8af8dc","Estados Unidos","Built a business, now building a very exciting company that saves business owners thousands! Conservative, Christian with 2 children, 3 grandchildren Follow me","https://t.co/4srF9ALSJp","0","0","2017-07-22","es","en","VIDEO : Trump Lawyer Debunks Latest “Pardon Mania” Fake News https://t.co/T6BE6xoCgV https://t.co/g3rTWXcFaW","2017-07-23 21:15","IFTTT","","","","false","","","","","0","0","0","0","[]","[http://ift.tt/2uWcQYa]","",""
"730125820996395008","4437444442","Pamela Kealer","PamelaKealer13","Texas, USA","","","10226","10184","2015-12-10","en","en","Ben Carson is an amazing man and a great fit 4 a cabinet position in a Trump administration #PresidentTrumpsCabinet https://t.co/TYEEEd4G0Y","2016-05-10 20:02","Twitter Web Client","","","","false","","","","","0","5","203","155","[PresidentTrumpsCabinet]","[]","",""
"725301007836569600","3f7b3d0bcb5d86a1e1fb004c550019f098573be38723eb46af2e8f868c349425","3f7b3d0bcb5d86a1e1fb004c550019f098573be38723eb46af2e8f868c349425","3f7b3d0bcb5d86a1e1fb004c550019f098573be38723eb46af2e8f868c349425","Санкт-Петербург","ИА Невские новости по районам. Самые свежие новости и события города Санкт-Петербурга и Ленинградской области. Культура. Политика. Общество.","http://t.co/vdTR6Tj1Iq","4693","2287","2013-12-05","ru","ru","#НевскиеНовости СМИ: Януковичу могли дать российское гражданство https://t.co/pdE5YB7uy6 #СПб","2016-04-27 12:30","twitterfeed","","","","false","","","","","0","0","0","1","[НевскиеНовости, СПб]","[http://bit.ly/1SAuhOF]","",""
"828004054949314571","f53718cfb6d0333d9d89b8af297735e32410a8823f38dd8541f33678fdd86daa","f53718cfb6d0333d9d89b8af297735e32410a8823f38dd8541f33678fdd86daa","f53718cfb6d0333d9d89b8af297735e32410a8823f38dd8541f33678fdd86daa","","","https://t.co/sRjUtONwxf","216","1156","2016-01-10","ru","ru","В Генпрокуратуре Украины заявили об отказе РФ выдавать экс-сотрудников «Беркута»: https://t.co/GtXjP0rV1W https://t.co/MBFBZdYkvu","2017-02-04 22:15","NovaPress Publisher","","","","false","","","","","0","0","0","0","[]","[https://newinform.com/44006-v-genprokurature-ukrainy-zayavil-ob-otkaze-rf-vydavat-eks-sotrudnikov-berkuta]","",""
"839776833037983745","3802709296","Вестник Иркутска","NovostiIrkutsk","","","","5892","285","2015-09-28","ru","ru","В Красноярске начальницу налоговой ""посадят"" за взятку https://t.co/qkazX1oabu https://t.co/4gbu3P2mCW","2017-03-09 09:56","dlvr.it","","","","false","","","","","0","0","0","0","[]","[http://dlvr.it/NZk8yp]","",""
"601747193704284161","2530830345","New Orleans Online","NewOrleansON","New Orleans, LA","Breaking news, weather, traffic and more for New Orleans and Louisiana. DM us anytime. RTs not endorsements","","35988","11010","2014-05-05","en","en","Dr. Beach's best beaches list for summer 2015  #news","2015-05-22 13:51","twitterfeed","","","","false","","","","","0","0","0","0","[news]","[]","",""
"719319743841374208","04beddc9b26c9b86a4c3e59eb138dfeb53cae15e6a44739951dc942dcc60edd5","04beddc9b26c9b86a4c3e59eb138dfeb53cae15e6a44739951dc942dcc60edd5","04beddc9b26c9b86a4c3e59eb138dfeb53cae15e6a44739951dc942dcc60edd5","Москва","я качаюсь, но последнее время чаще на качелях...","","77","124","2014-05-01","ru","ru","Прямая линия с Владимиром Путиным пройдет 14 апреля 2016 года: когда и куда задавать вопросы#ВопросПрезиденту","2016-04-11 00:22","Twitter Web Client","","","","false","","","","","0","0","0","0","[]","[]","",""
"558909083454283776","c23865a25e5b658855ed5262eb051c6befc1c29e4ed952f635e540f3ce3de188","c23865a25e5b658855ed5262eb051c6befc1c29e4ed952f635e540f3ce3de188","c23865a25e5b658855ed5262eb051c6befc1c29e4ed952f635e540f3ce3de188","St-P","","","298","456","2013-12-12","en","ru","RT @riafanru: На озере Байкал дрейфует льдина, на которой находятся девять человек http://t.co/Txz1hbQb6d http://t.co/zjtmW0ayQk","2015-01-24 08:48","slovoslav","","","","true","2570574680","558902212827832320","","","0","0","0","0","","[http://riafan.ru/203855-na-ozere-baykal-dreyfuet-ldina-na-kotoroy-nahodyatsya-devyat-chelovek/]","[2570574680]",""
"843542583229923328","e35cc49080427faaf1f73e41752c5fea35a96f6c243863cd60b019661950c27e","e35cc49080427faaf1f73e41752c5fea35a96f6c243863cd60b019661950c27e","e35cc49080427faaf1f73e41752c5fea35a96f6c243863cd60b019661950c27e","USA","#BlackLivesMatter Future Guest on Pardon The Interruption, Around the Horn & Highly Questionable...","","797","769","2013-08-20","en","en","RT @dagr8fm: Y'all go ahead &amp; download the @dagr8fm app right now!!! You can tune into our livest shows, interviews, and Etc!!! https://t.c…","2017-03-19 19:19","Twitter Web Client","","","","true","917655846","843537251510509570","","","0","0","0","0","[]","[]","[917655846, 917655846]",""
"557548948861104130","aa2d23906fee5e96183b638522032d61cf99f04b6c9d12cea5d9247489f7d2ee","aa2d23906fee5e96183b638522032d61cf99f04b6c9d12cea5d9247489f7d2ee","aa2d23906fee5e96183b638522032d61cf99f04b6c9d12cea5d9247489f7d2ee","US","","","54","281","2014-06-20","en","en","i'm a live wire (live wire) #pretty","2015-01-20 14:43","Twitter Web Client","","","","false","","","","","0","0","0","0","[pretty]","","",""
"833648996287709185","5cabae0aeac6932ac568a48cac2084dcf57313479366c05b28f4e4392ba4babf","5cabae0aeac6932ac568a48cac2084dcf57313479366c05b28f4e4392ba4babf","5cabae0aeac6932ac568a48cac2084dcf57313479366c05b28f4e4392ba4babf","Berlin, Deutschland","Lokale Nachrichten aus Berlin. Hier kannst Du wichtige und aktuelle Nachrichten finden. Lies die News aus Deiner Stadt und schreib uns in die DN!","","1852","2228","2016-04-27","de","de","Gedenkstätte Jamlitz wird ausgebaut https://t.co/oqr3nqrRIn https://t.co/GBIefEc0u8","2017-02-20 12:06","Twibble.io","","","","false","","","","","0","0","0","0","[]","[http://www.berliner-zeitung.de/berlin/gedenkstaette-jamlitz-wird-ausgebaut-25768198?dmcid=f_yho_Berlin+-+Berliner+Zeitung]","",""
"752173674044780544","1687183549","Bleep The Police","BleepThePolice","USA","For a second at least, I'm resurrecting the peace  #Blacktivist #BlackLivesMatter","","21098","8599","2013-08-21","en","en","RT @TrayneshaCole: Let's post our hands to make this go viral. We are the one. Our skin is the pride.  #BlackSkinIsNotAcrime #FreeDeray htt…","2016-07-10 16:12","Twitter Web Client","","","","true","4859142199","752127408745185280","","","0","0","0","0","[BlackSkinIsNotAcrime, FreeDeray]","[]","[4859142199]",""
"843150644580175876","5cabae0aeac6932ac568a48cac2084dcf57313479366c05b28f4e4392ba4babf","5cabae0aeac6932ac568a48cac2084dcf57313479366c05b28f4e4392ba4babf","5cabae0aeac6932ac568a48cac2084dcf57313479366c05b28f4e4392ba4babf","Berlin, Deutschland","Lokale Nachrichten aus Berlin. Hier kannst Du wichtige und aktuelle Nachrichten finden. Lies die News aus Deiner Stadt und schreib uns in die DN!","","1852","2228","2016-04-27","de","de","Hertha BSC verliert gegen Köln https://t.co/OyaVgb2aOi https://t.co/TTXGsVtFOg","2017-03-18 17:22","Twibble.io","","","","false","","","","","0","0","0","0","[]","[http://www.berliner-zeitung.de/berlin/hertha-bsc-verliert-gegen-koeln-26220308?dmcid=f_yho_Berlin+-+Berliner+Zeitung]","",""
"703241287265361920","2570574680","РИА ФАН","riafanru","Россия ","Федеральное агентство новостей ВКонтакте: https://t.co/tQsblBQ2Go Facebook: https://t.co/L8S9RkoNYw Одноклассники: http://t.co/rFHOcUz9EU","http://t.co/tcKe2jsuqw","15753","6862","2014-06-16","ru","ru","Тринадцать туристов потерялись в горах Норвегии https://t.co/oD13vEMpw1","2016-02-26 15:32","NovaPress Publisher","","","","false","","","","","0","0","0","2","[]","[http://riafan.ru/505446-trinadcat-turistov-poteryalis-v-gorah-norvegii]","",""
"625368097902448640","15b1ca3744d5d7fdeffbca0deb93495d09e8f576a3495cf23d5fef39ea723096","15b1ca3744d5d7fdeffbca0deb93495d09e8f576a3495cf23d5fef39ea723096","15b1ca3744d5d7fdeffbca0deb93495d09e8f576a3495cf23d5fef39ea723096","Новгород","lovely angel  ☼","","181","208","2014-03-11","ru","ru","RT @podrobnosti_biz: Мужчина пытался вывезти бронетранспортёр из города Счастье на своём грузовике http://t.co/13QOuavv7e http://t.co/nojRa…","2015-07-26 18:12","iziaslav","","","","true","3369109175","625357659953319936","","","0","0","0","0","[]","[http://podrobnosti.biz/news/1945-muzhchina-pytalsya-vyvezti-bronetransportyor-iz-goroda-schaste-na-svoyom-gruzovike.html]","[3369109175]",""
"689721473834053632","2882331822","Jenna Abrams","Jenn_Abrams","USA","Calm down, I'm not pro-Trump. I am pro-common sense. Any offers/ideas/questions? DM or email me jennnabrams@gmail.com (Yes, there are 3 Ns)","https://t.co/ZXoG0JPLdf","79152","22607","2014-10-29","en","en","It's amazing how many people are enrolled in #Obamacare https://t.co/6Td4DEzgue","2016-01-20 08:09","Twitter Web Client","","","","false","","","","","0","3","20","26","[Obamacare]","[]","",""
"591535612840255488","f17361b2806776ba197ca5c14544bafdd16bd6ffda46df283c2c491f3e5c8183","f17361b2806776ba197ca5c14544bafdd16bd6ffda46df283c2c491f3e5c8183","f17361b2806776ba197ca5c14544bafdd16bd6ffda46df283c2c491f3e5c8183","Новгород","#мой выбор спорт","","249","204","2013-09-26","ru","ru","RT @GolosAmeriki: Россия и Аргентина подписали соглашения в сфере энергетики http://t.co/qqColl4Cjm","2015-04-24 09:34","meceslav","","","","true","18800449","591523216520261634","","","0","0","0","0","[]","[http://trib.al/d4ts2EQ]","[18800449]",""
"883247299123597315","8e58ab0f46d273103d9e71aa92cdaffb6e330ec7d15ae5fa79c825e2d6f291bf","8e58ab0f46d273103d9e71aa92cdaffb6e330ec7d15ae5fa79c825e2d6f291bf","8e58ab0f46d273103d9e71aa92cdaffb6e330ec7d15ae5fa79c825e2d6f291bf","","In bad luck, hold out; in good luck, hold in. Slow and steady wins the race and the road to a friends house is never long. #teamblack #antiracist","","881","834","2013-09-16","en","en","RT @thrashgoddess: @sazonmami The other videos for the challenge bore me.... Lemme show yall how it's really done. #TootItOutChallenge http…","2017-07-07 08:52","Twitter Web Client","","","","true","1925645467","882775029058080769","","","0","0","0","0","[TootItOutChallenge]","[]","[781679119406891008, 1925645467]",""
"668558611954728960","c4465c8ea7f87a3d1c12ef21b942ce88b1a1f49c6c855ed76c039fb836d9f597","c4465c8ea7f87a3d1c12ef21b942ce88b1a1f49c6c855ed76c039fb836d9f597","c4465c8ea7f87a3d1c12ef21b942ce88b1a1f49c6c855ed76c039fb836d9f597","","Самые актуальные события и новости России","https://t.co/vBlbBzgyV2","941","704","2014-09-12","ru","ru","RT @dostoverkin: Телки в инстаграме с бокалом вина, сигаретой и томным выражением лица думают,что они уникальные, но больше похожи на стадо…","2015-11-22 22:36","Twitter for iPhone","","","","true","485955028","668548866522947586","","","0","0","0","0","[]","[]","[485955028]",""
"486838931766657024","695d67a08d1bacf1f2d38569c40c9c3b3153eaecebdbc65829ae65052c3d8dc4","695d67a08d1bacf1f2d38569c40c9c3b3153eaecebdbc65829ae65052c3d8dc4","695d67a08d1bacf1f2d38569c40c9c3b3153eaecebdbc65829ae65052c3d8dc4","Новгород","немного смеха, немного любви","","674","1912","2014-03-27","ru","ru","Долина Привидений http://t.co/y5cR4UHsQG","2014-07-09 11:47","token_app","","","","false","","","","","0","0","0","0","","[http://ojzhusee789.livejournal.com/61534.html]","",""
"893710465204965377","e751e9cf2f791a2e58de79b9f6e55ea6f0d08a781787fdef1bf29fe4348ca341","e751e9cf2f791a2e58de79b9f6e55ea6f0d08a781787fdef1bf29fe4348ca341","e751e9cf2f791a2e58de79b9f6e55ea6f0d08a781787fdef1bf29fe4348ca341","Estados Unidos","#MAGA VERY conservative. Libs r welcome, but beware. Married and intend to stay that way, so don't waste my time. #NotEHarmony","https://t.co/4srF9ALSJp","1065","3809","2017-07-29","es","ht","RT DJTsavesAmerica: bs_mclean RobertMueIIer GenMatttisJ USAGSessions JudicialWatch freedomwatchweb DonaldJTrumpJr … https://t.co/bslz9uPdIH","2017-08-05 05:49","IFTTT","","","","false","","","","","0","0","0","0","[]","[https://twitter.com/i/web/status/887874856502546432]","",""
"838680953635622913","363c7ee353649189abbdd829bc73b38dae50070b48c5face9c4b8f1be345abc1","363c7ee353649189abbdd829bc73b38dae50070b48c5face9c4b8f1be345abc1","363c7ee353649189abbdd829bc73b38dae50070b48c5face9c4b8f1be345abc1","US","I make privileged people upset #BlackLivesMatter #FistsUpAfrosOut","","889","523","2013-09-13","en","und","RT @TerryTGood: #Blacktwitter https://t.co/BPhp5mbmU8","2017-03-06 09:21","Twitter Web Client","","","","true","306570419","816087133026975744","","","0","0","0","0","[Blacktwitter]","[]","[306570419]",""
"809060198086299648","0a0af8893cdc8454338447004eeaf65ee2934977c71ec48d3bb17e6723e1daef","0a0af8893cdc8454338447004eeaf65ee2934977c71ec48d3bb17e6723e1daef","0a0af8893cdc8454338447004eeaf65ee2934977c71ec48d3bb17e6723e1daef","St Louis, MO","","","1082","962","2013-08-08","en","en","RT @ZaibatsuNews: Christie says voters were ‘dumb’ to reject North Jersey casinos https://t.co/7k3HjLDKZo #p2 #ctl https://t.co/9p1cb40hs4","2016-12-14 15:39","Twitter Web Client","","","","true","93111391","809058658449403904","","","0","0","0","0","[p2, ctl]","[http://j.mp/2hF3k53]","[93111391]",""
"676450354272317440","cfafc190b4878391c833e2692b0d0c42e2808cf62affed1f89b4e007b673c0b1","cfafc190b4878391c833e2692b0d0c42e2808cf62affed1f89b4e007b673c0b1","cfafc190b4878391c833e2692b0d0c42e2808cf62affed1f89b4e007b673c0b1","Тверь","мысли вслух","","194","754","2014-04-22","ru","ru","RT @rentvchannel: Зверское избиение охранниками покупателя в магазине сняли посетители. ВИДЕО: https://t.co/jAEaLjz762 https://t.co/aGki4j8…","2015-12-14 17:15","iziaslav","","","","true","200036850","676439839961694209","","","0","0","0","0","[]","[http://ren.tv/novosti/2015-12-14/zverskoe-izbienie-ohrannikami-pokupatelya-v-magazine-snyali-posetiteli-video]","[200036850]",""
"498499279737339904","acf984e267c5cacd9e60116c37db4442b7b8529d75074dcf609420bb83243117","acf984e267c5cacd9e60116c37db4442b7b8529d75074dcf609420bb83243117","acf984e267c5cacd9e60116c37db4442b7b8529d75074dcf609420bb83243117","Омск","Политикс, братья мои!","","673","1405","2014-03-11","ru","ru","RT @db77f035d600458d002daa633749d22d539eb23e298c91c40ac006c9cc003ad1: Новости России: российский холдинг покажет разработки гражданских и военных приборов http://puhtydir","2014-08-10 16:01","newtwittersky","","","","true","db77f035d600458d002daa633749d22d539eb23e298c91c40ac006c9cc003ad1","498498277365784576","","","0","0","0","0","","","[db77f035d600458d002daa633749d22d539eb23e298c91c40ac006c9cc003ad1]",""
"678937273589702656","1fdfb9addb6c88cabd0cc6ece3f6800d500eb755aaaa40d3a4134f273baefe58","1fdfb9addb6c88cabd0cc6ece3f6800d500eb755aaaa40d3a4134f273baefe58","1fdfb9addb6c88cabd0cc6ece3f6800d500eb755aaaa40d3a4134f273baefe58","Moscow","папина дочка","","286","1910","2013-11-05","en","ru","RT @i_korotchenko: Звонят какие-то настырные люди предлагают секретные разработки или сигнализируют о недостатках. Отправляю кого в ВПК, ко…","2015-12-21 13:57","iziaslav","","","","true","349370813","678924580099112960","","","0","0","0","0","[]","[]","[349370813]",""
"481776116584423424","7b308d8a7563a6c864dfd4997bbfd3c009ec0edfb81182bb1ebb57f0cadba0d9","7b308d8a7563a6c864dfd4997bbfd3c009ec0edfb81182bb1ebb57f0cadba0d9","7b308d8a7563a6c864dfd4997bbfd3c009ec0edfb81182bb1ebb57f0cadba0d9","Санкт-Петербург","Студент, в свободное от #СПбГУ время Ди-Джей","","879","1976","2014-03-23","ru","ru","сейчас я больше всего хочу, чтобы мне написал человек, который мне дорог","2014-06-25 12:29","Twitter Web Client","","","","false","","","","","0","0","0","0","","","",""
"505034169173299200","8d7116e3caf9f1829eabd8e39d93211b3a5ace85489f4d90d97a40f36db31e29","8d7116e3caf9f1829eabd8e39d93211b3a5ace85489f4d90d97a40f36db31e29","8d7116e3caf9f1829eabd8e39d93211b3a5ace85489f4d90d97a40f36db31e29","Новосибирск","#режиссёр #практикую #кино #театр #русскаялитература","","170","172","2014-06-18","ru","ru","@mterentiev Михаил, прошу Вас поддержать хэштэг  #UkrainianLie , уличив украинскую хунту во лжи!","2014-08-28 16:48","Twitter Web Client","","183520301","","false","","","","","0","0","0","0","[UkrainianLie]","","[183520301]",""
"601107943883313153","2753338899","San Antonio Top News","SanAntoTopNews","City of San Antonio, TX","San Antonio top news and stories, powered 24/7","","25528","7904","2014-08-28","en","en","Counties: September tax-relief election could cost more than $13 million  #local #news","2015-05-20 19:31","twitterfeed","","","","false","","","","","0","0","0","0","[local, news]","[]","",""
"199639922624307203","86e0b060b28268a40ff3f27570986097207cda1dbd7756e2a400f150929a4081","86e0b060b28268a40ff3f27570986097207cda1dbd7756e2a400f150929a4081","86e0b060b28268a40ff3f27570986097207cda1dbd7756e2a400f150929a4081","Москва","Пытаюсь чего то добиться в жизни, занимаюсь общественной деятельностью.","","1248","340","2012-03-18","ru","","@8f76b66ceb2eecf7f76925ff4b84ad3f468aa9425e7a9eb505b1413d53bac6c4 Кабмин утвердил режим округа и зон санитарной охраны Скадовска","2012-05-07 23:20","twitterfeed","","8f76b66ceb2eecf7f76925ff4b84ad3f468aa9425e7a9eb505b1413d53bac6c4","","false","","","","","0","0","0","0","","","[8f76b66ceb2eecf7f76925ff4b84ad3f468aa9425e7a9eb505b1413d53bac6c4]",""
"525539774367801344","9ad9beea3b444e924b62a263ded97489d0d114cc19ddceffaf5797a69b8ba14f","9ad9beea3b444e924b62a263ded97489d0d114cc19ddceffaf5797a69b8ba14f","9ad9beea3b444e924b62a263ded97489d0d114cc19ddceffaf5797a69b8ba14f","МSK","Искусственные цветы  ...   ...  Работаю:Лаборант","","54","16","2013-12-20","en","ru","Чужие слова. Россия сегодня отремонтирует корейские железные дорогиhttp://t.co/HzzZg5Ff5I","2014-10-24 06:50","generationπ","","","","false","","","","","0","0","0","0","","[http://oriohrisha.livejournal.com]","",""
"534310208835956737","2b17ba0e0abba25ac01569a56018d986985494d4e20f402736b667fbbcc48cbc","2b17ba0e0abba25ac01569a56018d986985494d4e20f402736b667fbbcc48cbc","2b17ba0e0abba25ac01569a56018d986985494d4e20f402736b667fbbcc48cbc","СПб","peace","","216","182","2014-03-10","ru","ru","RT @zubovnik: Когда Путин прибыл в Австралию на саммит G20, кенгуру напряглись и на всякий случай перестали скакать.","2014-11-17 11:40","TweetDeck","","","","true","2589513234","534306177656832000","","","0","0","0","0","","","[2589513234]",""
"630960890070859776","1b447a1836b11b4d64ab40cd1c6285056817b08c8bd358189d3fb7fe8dc888fc","1b447a1836b11b4d64ab40cd1c6285056817b08c8bd358189d3fb7fe8dc888fc","1b447a1836b11b4d64ab40cd1c6285056817b08c8bd358189d3fb7fe8dc888fc","","","","595","519","2014-09-03","en","ru","@f3f40074ccd82cc468b182cdf6772e5aa609a39b3b7f7c49ce497c782bd470a9 А давно ли запустили этот блог?","2015-08-11 04:36","Приложение для тебя","","f3f40074ccd82cc468b182cdf6772e5aa609a39b3b7f7c49ce497c782bd470a9","","false","","","","","0","0","0","0","[]","[]","[f3f40074ccd82cc468b182cdf6772e5aa609a39b3b7f7c49ce497c782bd470a9]",""
"885760498012225536","4508630900","John Davis","TheFoundingSon","Texas, USA","Business Owner, Proud Father, Conservative, Christian, Patriot, Gun rights, Politically Incorrect. Love my country and my family #2A #GOP #tcot #WakeUpAmerica","","47413","29429","2015-12-09","en","en","RT @TheFoundingSon: Perfectly makes sense in a mind of a liberal #CNNBlackmail https://t.co/3lzSnWYWsT","2017-07-14 07:18","Twitter Web Client","","","","true","4508630900","882654880162304000","","","0","0","0","0","[CNNBlackmail]","[]","[4508630900]",""
"498020866769555456","0606cb1e17a9de13321252a2ae3231f048cb3876991950f722e33b76028d09db","0606cb1e17a9de13321252a2ae3231f048cb3876991950f722e33b76028d09db","0606cb1e17a9de13321252a2ae3231f048cb3876991950f722e33b76028d09db","Boston","","","52","97","2014-05-02","en","en","Do you really want me?","2014-08-09 08:20","vavilonX","","","","false","","","","","0","0","0","0","","","",""
"902121421975035905","c4c5985c2c4536ead45cd1c3b202391daefcb3fabcf14bffa8b09282f090db8d","c4c5985c2c4536ead45cd1c3b202391daefcb3fabcf14bffa8b09282f090db8d","c4c5985c2c4536ead45cd1c3b202391daefcb3fabcf14bffa8b09282f090db8d","Stuttgart, Deutschland","Lokale Nachrichten aus Stuttgart. Hier kannst Du wichtige und aktuelle Nachrichten finden. Lies die News aus Deiner Stadt und schreib uns in die DN!","","267","280","2017-04-13","de","de","Wilhelma in Stuttgart: Letztes Flusspferd verlässt Zoo https://t.co/W9vRtoTvRi https://t.co/lMHU4vOYXV","2017-08-28 10:51","Twibble.io","","","","false","","","","","0","0","1","2","[]","[http://www.stuttgarter-nachrichten.de/inhalt.wilhelma-in-stuttgart-letztes-flusspferd-verlaesst-zoo.297d493d-0652-47b3-bda3-838470f6b0a3.html]","",""
"596358852443971584","341a34e9b8bb225a900b9d708bb97f0cb81a5da7b3d5b47a17e758a5d1fb2d72","341a34e9b8bb225a900b9d708bb97f0cb81a5da7b3d5b47a17e758a5d1fb2d72","341a34e9b8bb225a900b9d708bb97f0cb81a5da7b3d5b47a17e758a5d1fb2d72","USA","Just livin' my life","","126","61","2015-03-11","en","en","I love my bros.  They can make me laugh even when I  don`t want to smile","2015-05-07 17:00","Twitter Web Client","","","","false","","","","","0","0","0","0","[]","[]","",""
"504483970051235840","457fa4c32d297e76c6f7c5e680e42bb38a2e319a3b2088ea735eba3eb76772ca","457fa4c32d297e76c6f7c5e680e42bb38a2e319a3b2088ea735eba3eb76772ca","457fa4c32d297e76c6f7c5e680e42bb38a2e319a3b2088ea735eba3eb76772ca","Омск","Байдарки  #  ... по профессии,  Актёр","","69","70","2013-12-22","en","ru","Правильная позиция России Чужие слова. http://t.co/d38NBKuDob","2014-08-27 04:22","generationπ","","","","false","","","","","0","0","0","0","","[http://rngfx.livejournal.com/83886.html]","",""
"488672223868510208","94c54df165195f1fd21f50747a23deaeeb16380e1211a75313cb01310a811df7","94c54df165195f1fd21f50747a23deaeeb16380e1211a75313cb01310a811df7","94c54df165195f1fd21f50747a23deaeeb16380e1211a75313cb01310a811df7","Санкт-Петербург","Мы принимаем желаемое за действительное и видим мир не таким,каков он на самом деле,а таким,каким нам хочется его видеть. (Пауло Коэльо)","","1075","417","2012-03-24","ru","","А вот такого вы точно ещё не читали. ЕС наносит ответный удар: #StopTANK","2014-07-14 13:11","Twitter Web Client","","","","false","","","","","0","0","0","0","","","",""
"686950355108769792","3312143142","1-800-WOKE-AF","gloed_up","StLouis","No black person is ugly  #BRONZE #BlackLivesMatter #BlackToLive","","28943","12906","2015-08-11","en","und","RIP #DavidBowie https://t.co/OmLdgnEM8f","2016-01-12 16:38","Twitter Web Client","","","","false","","","","","0","0","4","1","[DavidBowie]","[]","",""
"732545182017675264","aeeb13fb82711e9df79360a57bad1d49c7c2fb4f0a36dc88666161085330761b","aeeb13fb82711e9df79360a57bad1d49c7c2fb4f0a36dc88666161085330761b","aeeb13fb82711e9df79360a57bad1d49c7c2fb4f0a36dc88666161085330761b","","Новости политики.","https://t.co/xVkEBJ1Cy4","1637","186","2013-12-24","ru","ru","#Кейсик не хочет быть вице-президентом #США при #Трамп'е. https://t.co/inCvAtrUAu #новости #выборы #политика https://t.co/oRXX4IgDSq","2016-05-17 12:15","Twitter Web Client","","","","false","","","","","0","0","0","0","[Кейсик, США, Трамп, новости, выборы, политика]","[https://vk.com/wall-62675857_208345]","",""
"843473395312418818","249064136b1c5cb00a705316ab73dd9b53785748ab757f02df7e7a9876906139","249064136b1c5cb00a705316ab73dd9b53785748ab757f02df7e7a9876906139","249064136b1c5cb00a705316ab73dd9b53785748ab757f02df7e7a9876906139","Москва, Россия","Я примерный семьянин!","","132","120","2013-12-07","ru","ru","RT @Z_Zotova: Поздравляем с Днем рождения мою коллегу Татьяну Батышеву-депутата МГД, заслуженного врача РФ. Пусть в ее жизни будет много ул…","2017-03-19 14:45","Twitter Web Client","","","","true","788724110","843456670546182144","","","0","0","0","0","[]","[]","[788724110]",""
"608381318095859714","14882528f53ed4b8fbadce206679b89258e363212b5a63f31777f4e93e1a5ccf","14882528f53ed4b8fbadce206679b89258e363212b5a63f31777f4e93e1a5ccf","14882528f53ed4b8fbadce206679b89258e363212b5a63f31777f4e93e1a5ccf","United States","Education costs money.  But then so does ignorance.","","2937","2526","2013-07-28","en","en","RT @PhillyOnAirNow: #InFocus: An Inside Look at the Liberty Fencing Club  #local","2015-06-09 21:13","erased8286109","","","","true","2620614029","608371001198542851","","","0","0","0","0","[InFocus, local]","[]","[2620614029]",""
"654226397506899968","2808833544","Максим Дементьев","MaxDementiev","","Мне не всё равно","https://t.co/nZE61mBuTF","134805","2796","2014-09-14","ru","ru","Соседи-дачники Юрий Никулин и Михаил Жаров в поселке Загорянка, 1972 г http://t.co/fNgijQZsSc","2015-10-14 09:25","TweetDeck","","","","false","","","","","0","0","2","15","[]","[]","",""
"702596123807096832","081115ddddcebbaf532a44b77fcd4b85c70e2cbe2d46644b9b79ab33364a197d","081115ddddcebbaf532a44b77fcd4b85c70e2cbe2d46644b9b79ab33364a197d","081115ddddcebbaf532a44b77fcd4b85c70e2cbe2d46644b9b79ab33364a197d","Санкт-Петербург, Россия","Давайте стараться отфильтровывать купленные статьи и фейк-новости СМИ от действительности и правды. Давайте собирать информацию,факты,но не готовые мнения.","https://t.co/xfhgPiQyHL","162","789","2011-11-17","ru","und","https://t.co/2IvlcHw99o","2016-02-24 20:49","Twitter Web Client","","","","false","","","","","0","0","0","0","[]","[]","",""
"794854580291076096","f78a269be68e66b4a8c9bb5adbe49f617b6b3845134de4b9d8afe7a350bfb2cd","f78a269be68e66b4a8c9bb5adbe49f617b6b3845134de4b9d8afe7a350bfb2cd","f78a269be68e66b4a8c9bb5adbe49f617b6b3845134de4b9d8afe7a350bfb2cd","Florida, USA","Read the mess I tweet & retweet about & you'll have an idea of the kinda person I am✌","","806","466","2013-09-12","en","en","RT @TitoTitoq85: If you do t nurture/understand/check on people, you're missing out on healing for yourself and them. We need different per…","2016-11-05 10:51","Twitter Web Client","","","","true","2470894041","794847900408958977","","","0","0","0","0","[]","[]","[2470894041]",""
"482119434103177216","b00e7ace89de79792683daf0de7266110a920367a4232d8b76657264c632490a","b00e7ace89de79792683daf0de7266110a920367a4232d8b76657264c632490a","b00e7ace89de79792683daf0de7266110a920367a4232d8b76657264c632490a","Питер","я просто красавчик #followback","","2025","329","2012-08-03","ru","ru","Обама или Путин? Вы еще спрашиваете? #РетвитПротивОбамы Моё мнение","2014-06-26 11:13","Twitter Web Client","","","","false","","","","","0","0","0","0","[РетвитПротивОбамы]","","",""
"511774029892841472","d1d6b61b9d5a1c9a618d1818cd608cc091cc9bb734e0862c52d34b0c7b92e112","d1d6b61b9d5a1c9a618d1818cd608cc091cc9bb734e0862c52d34b0c7b92e112","d1d6b61b9d5a1c9a618d1818cd608cc091cc9bb734e0862c52d34b0c7b92e112","Новгород","Кинооператор -канд-т ...иногда люблю...Ремонт J : Медитация ;  Фотография ,","","61","44","2014-03-23","en","ru","Достойное мнение. Уличная еда стран ЕС, США, Японии, Филиппин http://t.co/xIumeCfr6K","2014-09-16 07:10","generationπ","","","","false","","","","","0","0","0","0","","[http://dmutqel.livejournal.com/91326.h]","",""
"632342329500827649","7ca1009005708b6f4c4d25c1013ee0d5822494efc7a811000b62ee893e4d9855","7ca1009005708b6f4c4d25c1013ee0d5822494efc7a811000b62ee893e4d9855","7ca1009005708b6f4c4d25c1013ee0d5822494efc7a811000b62ee893e4d9855","Los Angeles, CA","Never Eat These Foods","http://t.co/pYnUd7yfMk","791","2","2015-07-09","en","en",".@ashyy614 Ash @_brandishallow brandiii❁ @jourdanNicole_ jourdan @InvTrainingSol Innovative @MCManiaPFK Mania http://t.co/STkrCEHpJd","2015-08-15 00:05","Mobile Web (M2)","632341711264477184","2568298107","","false","","","","","0","0","0","0","[]","[http://WWW.EXERCISEQUOTE.PW/TIPS/EXERCISE-IS-HARD.ASP]","[2207855468, 2568298107, 36736018, 537337405, 1535523026]",""
"627231944644935680","dcaa926378fef8e27bf1bddc919cd1642c53e23fbd84dda186fbf3d13926ba8b","dcaa926378fef8e27bf1bddc919cd1642c53e23fbd84dda186fbf3d13926ba8b","dcaa926378fef8e27bf1bddc919cd1642c53e23fbd84dda186fbf3d13926ba8b","Москва","Фотограф-любитель","","184","268","2014-03-24","ru","ru","@ComradZampolit беспощадный украинский бунт!","2015-07-31 21:38","TweetDeck","627045034471329792","1240007161","","false","","","","","0","0","0","0","[]","[]","[1240007161]",""
"559457505000976384","2587843805","KansasCityDailyNews","KansasDailyNews","Kansas City, MO","Local news, sports, business, politics, entertainment, travel and opinion for Kansas. DM us 24/7","","29357","6720","2014-06-06","en","en","#news Suspected burglar falls through ceiling, lands near police","2015-01-25 21:07","twitterfeed","","","","false","","","","","0","0","0","0","[news]","","",""
"735848831775068162","c3ae1bfafdae5c150fcf3502d4d8a4617198d0f007e55fd81b7ccae44c588c6a","c3ae1bfafdae5c150fcf3502d4d8a4617198d0f007e55fd81b7ccae44c588c6a","c3ae1bfafdae5c150fcf3502d4d8a4617198d0f007e55fd81b7ccae44c588c6a","","","","938","904","2015-10-08","en","de","Amerikanische Spezialeinheiten nehmen an der Offensive auf Raqqa teil https://t.co/yR3IMDLrW9","2016-05-26 15:03","TweetDeck","","","","false","","","","","0","0","0","1","[]","[]","",""
"512522422655143936","9b4c95e53c2cc1107837fe250692efe8401bf13839a3e1f8049d9523ca01a73c","9b4c95e53c2cc1107837fe250692efe8401bf13839a3e1f8049d9523ca01a73c","9b4c95e53c2cc1107837fe250692efe8401bf13839a3e1f8049d9523ca01a73c","Севастополь","увлекаюсь байдарками. Пишу о политике политический деятелях. #followme #followbackRU","","653","562","2013-11-15","ru","ru","RT @5919e0b035d24b12928b768560a79e0235a363604ad312840237c308b09291bf: Чем бы дитя ни тешилось… http://t.co/GEOx6094d8","2014-09-18 08:44","newtwittersky","","","","true","5919e0b035d24b12928b768560a79e0235a363604ad312840237c308b09291bf","512516132646170625","","","0","0","0","0","","[http://riafan.ru/90535-protivniki-voynyi-na-ukraine-provedut-voskresnyiy-marsh-mira-v-moskve-i-peter]","[5919e0b035d24b12928b768560a79e0235a363604ad312840237c308b09291bf]",""
"636186943449993216","7ca1009005708b6f4c4d25c1013ee0d5822494efc7a811000b62ee893e4d9855","7ca1009005708b6f4c4d25c1013ee0d5822494efc7a811000b62ee893e4d9855","7ca1009005708b6f4c4d25c1013ee0d5822494efc7a811000b62ee893e4d9855","Los Angeles, CA","Never Eat These Foods","http://t.co/pYnUd7yfMk","791","2","2015-07-09","en","en",".@MathewsBlack1 MathewsBlack @judgedread82 JUDGEDREAD @samanthaarmel Jon @datehq Diane @JeromeBowens JeromeBowens http://t.co/Da4zFHQaqt","2015-08-25 14:42","Mobile Web (M2)","636186122549358592","2559875570","","false","","","","","0","0","0","0","[]","[http://WWW.EXERCISEWORKOUT.PW/exercise/Workout-again.php]","[34390463, 421482309, 327124311, 2559875570, 2559905646]",""
"706852626139230209","2882037326","Dana Gold","DanaGeezus","USA","Producer","","24920","12434","2014-10-29","en","en","RT @turnips7333: #SuperheroWeDeserve The Turnipator https://t.co/H08tQLlsAR","2016-03-07 14:42","Twitter Web Client","","","","true","2155030393","706852455141744640","","","0","0","0","0","[SuperheroWeDeserve]","[]","[2155030393]",""
"832968414033502208","2997392589","Вестник Донецка","DonetskNovosti","Донецк","Донецк - это Новороссия!  #Донецк #Донбасс #ДНР #Новороссия   Связаться с нами: https://t.co/tuoPFdAUWi","","45013","293","2015-01-25","ru","ru","RT @GrahamWP_UK: Я уверен, что все мы надеемся, следующий шаг, чтобы признать ДНР и ЛНР! @mfa_russia @Russia #Путин #Россия #Новороссия #До…","2017-02-18 15:02","Twitter Web Client","","","","true","219233615","832963342947983361","","","0","0","0","0","[Путин, Россия, Новороссия]","[]","[219233615, 2874959663, 255471924]",""
"732194925777838080","2533364158","Вестник Екатеринбург","NovostiEkb","Ekaterinburg, Russia","Сердце Урала. #Екатеринбург #Екб #Новости","https://t.co/CSP9JHi5vU","59021","1252","2014-05-06","en","ru","Александр Якоб примет участие в программе Открытая студия. Екатеринбург: Глава Администрации города расскажет... https://t.co/5qNBF0cumY","2016-05-16 13:04","twitterfeed","","","","false","","","","","0","0","0","0","[]","[http://bit.ly/255r2dr]","",""
"671134960108101632","b0e51cead9ef4a39539634786f44485f40fffc810e759e40932ffc0b74c3333d","b0e51cead9ef4a39539634786f44485f40fffc810e759e40932ffc0b74c3333d","b0e51cead9ef4a39539634786f44485f40fffc810e759e40932ffc0b74c3333d","Санкт-Петербург","просто Ира","http://t.co/nqYmL6efr6","245","419","2014-03-09","en","ru","RT @tass_agency: ЕС пообещал Турции €3 млрд, но не получил гарантий сокращения миграции https://t.co/EEwyIy9Wx8","2015-11-30 01:13","bronislav","","","","true","285532415","671125267537108992","","","0","0","0","0","[]","[http://tass.ru/mezhdunarodnaya-panorama/2483259]","[285532415]",""
"573778560290320385","64dbf2e2a8acf6fcebd04ee4699eb288e96a5546e240d30aa5ee33ae035383aa","64dbf2e2a8acf6fcebd04ee4699eb288e96a5546e240d30aa5ee33ae035383aa","64dbf2e2a8acf6fcebd04ee4699eb288e96a5546e240d30aa5ee33ae035383aa","Тверское подворье","Увлекаюсь политикой и немного спортом)) #followme #followbackRU возможно увлекусь тобой","","624","1402","2013-11-24","ru","ru","RT @ec68920b0c71baabf1aa0c174f3b3ce21b1b2e0c62297e65ed7afb3cbe0227b6: Экономику Германии спасет сотрудничество с БРИКС http://t.co/TUtGQKVpb8 #brics #БРИКС","2015-03-06 09:34","meceslav","","","","true","ec68920b0c71baabf1aa0c174f3b3ce21b1b2e0c62297e65ed7afb3cbe0227b6","573536899954044929","","","0","0","0","0","[brics, БРИКС]","[http://ria.ru/world/20150305/1051085485.html]","[ec68920b0c71baabf1aa0c174f3b3ce21b1b2e0c62297e65ed7afb3cbe0227b6]",""
"581629231672721408","b6c1eb2e6a0d47539cc8d12e012c90c9e490e566977e7a27c1b5d2a3654b64d2","b6c1eb2e6a0d47539cc8d12e012c90c9e490e566977e7a27c1b5d2a3654b64d2","b6c1eb2e6a0d47539cc8d12e012c90c9e490e566977e7a27c1b5d2a3654b64d2","Питер","Хореограф  профессионально :","","257","255","2013-12-25","ru","ru","@219650c8c294631773fe1945d7c72c8e25a1a1948eaf37a9e329ee8487d0ed22 Гоу хард,как Владимир Путин!! Путин Одобряет","2015-03-28 01:29","Twitter Web Client","","219650c8c294631773fe1945d7c72c8e25a1a1948eaf37a9e329ee8487d0ed22","","false","","","","","0","0","0","0","[]","[]","[219650c8c294631773fe1945d7c72c8e25a1a1948eaf37a9e329ee8487d0ed22]",""
"897184739429363712","168a6c8529835fd519fae152d4b3213a7fbca3623163726aac413d8ab006adb2","168a6c8529835fd519fae152d4b3213a7fbca3623163726aac413d8ab006adb2","168a6c8529835fd519fae152d4b3213a7fbca3623163726aac413d8ab006adb2","Estados Unidos","Love God and his Son 🙏🏻✝️God Bless Our Military the Real MEN! 👮🏼⚓️🐸SEALs ❤️USMC💙RomanCat ✝️Did not vote 4 Trump don't follow 👌🏼I follow all Vets🇺🇸💋Follow me","https://t.co/4srF9AuhkP","2617","1040","2017-07-31","es","en","RT ZakZale: JustinTrudeau BarackObama 😂Just look at them The gathering of the stuttering and the weak They can't e… https://t.co/4vowEJAoEC","2017-08-14 19:54","IFTTT","","","","false","","","","","0","0","1","0","[]","[https://twitter.com/i/web/status/895688204577153025]","",""
